ID,Día,Hora,Producto,Categoría,Cantidad,"Precio Unit.",Subtotal,"Método Pago"
1,1,07:00,"Sprite 600ml",bebidas,2,1750,3500,efectivo
2,1,07:00,"Sprite 600ml",bebidas,3,1750,5250,efectivo
3,1,07:00,"Sprite 600ml",bebidas,1,1750,1750,transferencia
4,1,07:00,"Alfajor Havanna",golosinas,1,3500,3500,transferencia
5,1,07:00,"Sprite 600ml",bebidas,2,1750,3500,qr
6,1,07:00,"Papas Fritas Lays",snacks,2,2800,5600,qr
1,1,08:00,"Pan Lactal",panaderia,3,3200,9600,tarjeta
2,1,08:00,"Papas Fritas Lays",snacks,1,2800,2800,transferencia
3,1,08:00,"Oreo Original",galletitas,1,2200,2200,qr
4,1,08:00,"Oreo Original",galletitas,3,2200,6600,efectivo
5,1,08:00,"Agua Mineral 500ml",bebidas,1,1200,1200,efectivo
6,1,08:00,"Oreo Original",galletitas,1,2200,2200,transferencia
7,1,08:00,"Yerba Mate 500g",almacen,2,3800,7600,tarjeta
8,1,08:00,"Coca Cola 600ml",bebidas,3,1800,5400,tarjeta
9,1,08:00,"Gatorade 500ml",bebidas,2,2200,4400,tarjeta
10,1,08:00,"Lucky Strike",cigarrillos,2,7500,15000,efectivo
1,1,09:00,"Papas Fritas Lays",snacks,1,2800,2800,tarjeta
2,1,09:00,"Oreo Original",galletitas,3,2200,6600,efectivo
3,1,09:00,"Alfajor Havanna",golosinas,1,3500,3500,transferencia
4,1,09:00,"Papas Fritas Lays",snacks,1,2800,2800,transferencia
5,1,09:00,"Sprite 600ml",bebidas,1,1750,1750,efectivo
6,1,09:00,"Yerba Mate 500g",almacen,3,3800,11400,efectivo
7,1,09:00,"Alfajor Havanna",golosinas,3,3500,10500,efectivo
1,1,10:00,"Chicles Beldent",golosinas,2,800,1600,efectivo
2,1,10:00,"Philip Morris",cigarrillos,3,7800,23400,efectivo
3,1,10:00,"Alfajor Havanna",golosinas,1,3500,3500,transferencia
4,1,10:00,"Coca Cola 600ml",bebidas,1,1800,1800,efectivo
1,1,11:00,"Alfajor Havanna",golosinas,3,3500,10500,efectivo
2,1,11:00,"Pan Lactal",panaderia,3,3200,9600,tarjeta
3,1,11:00,"Gatorade 500ml",bebidas,2,2200,4400,transferencia
4,1,11:00,"Pan Lactal",panaderia,3,3200,9600,qr
5,1,11:00,"Sprite 600ml",bebidas,1,1750,1750,efectivo
6,1,11:00,"Agua Mineral 500ml",bebidas,3,1200,3600,tarjeta
7,1,11:00,"Alfajor Havanna",golosinas,1,3500,3500,efectivo
1,1,12:00,"Marlboro Box",cigarrillos,3,8500,25500,efectivo
2,1,12:00,"Oreo Original",galletitas,2,2200,4400,efectivo
3,1,12:00,"Pan Lactal",panaderia,1,3200,3200,tarjeta
4,1,12:00,"Pan Lactal",panaderia,1,3200,3200,efectivo
5,1,12:00,"Alfajor Havanna",golosinas,1,3500,3500,efectivo
6,1,12:00,"Coca Cola 600ml",bebidas,1,1800,1800,tarjeta
7,1,12:00,"Agua Mineral 500ml",bebidas,1,1200,1200,tarjeta
8,1,12:00,"Papas Fritas Lays",snacks,2,2800,5600,efectivo
9,1,12:00,"Coca Cola 600ml",bebidas,2,1800,3600,qr
10,1,12:00,"Leche Larga Vida 1L",lacteos,3,2400,7200,qr
11,1,12:00,"Chicles Beldent",golosinas,3,800,2400,tarjeta
12,1,12:00,"Papas Fritas Lays",snacks,1,2800,2800,efectivo
1,1,13:00,"Sprite 600ml",bebidas,3,1750,5250,efectivo
2,1,13:00,"Oreo Original",galletitas,3,2200,6600,efectivo
3,1,13:00,"Cerveza Quilmes 473ml",bebidas,2,2500,5000,transferencia
4,1,13:00,"Lucky Strike",cigarrillos,1,7500,7500,efectivo
5,1,13:00,"Agua Mineral 500ml",bebidas,3,1200,3600,tarjeta
6,1,13:00,"Chicles Beldent",golosinas,1,800,800,qr
7,1,13:00,"Gatorade 500ml",bebidas,3,2200,6600,efectivo
8,1,13:00,"Sprite 600ml",bebidas,2,1750,3500,efectivo
9,1,13:00,"Sprite 600ml",bebidas,2,1750,3500,qr
10,1,13:00,"Chicles Beldent",golosinas,3,800,2400,efectivo
11,1,13:00,"Cerveza Quilmes 473ml",bebidas,2,2500,5000,efectivo
12,1,13:00,"Coca Cola 600ml",bebidas,2,1800,3600,efectivo
13,1,13:00,"Lucky Strike",cigarrillos,3,7500,22500,transferencia
1,1,14:00,"Alfajor Havanna",golosinas,1,3500,3500,efectivo
2,1,14:00,"Gatorade 500ml",bebidas,2,2200,4400,transferencia
3,1,14:00,"Oreo Original",galletitas,1,2200,2200,tarjeta
4,1,14:00,"Oreo Original",galletitas,3,2200,6600,tarjeta
5,1,14:00,"Cerveza Quilmes 473ml",bebidas,1,2500,2500,tarjeta
6,1,14:00,"Alfajor Havanna",golosinas,1,3500,3500,efectivo
7,1,14:00,"Sprite 600ml",bebidas,2,1750,3500,tarjeta
8,1,14:00,"Sprite 600ml",bebidas,3,1750,5250,qr
9,1,14:00,"Sprite 600ml",bebidas,1,1750,1750,transferencia
10,1,14:00,"Alfajor Havanna",golosinas,3,3500,10500,transferencia
1,1,15:00,"Sprite 600ml",bebidas,3,1750,5250,tarjeta
2,1,15:00,"Sprite 600ml",bebidas,2,1750,3500,efectivo
3,1,15:00,"Cerveza Quilmes 473ml",bebidas,2,2500,5000,qr
4,1,15:00,"Cerveza Quilmes 473ml",bebidas,1,2500,2500,transferencia
5,1,15:00,"Coca Cola 600ml",bebidas,2,1800,3600,tarjeta
6,1,15:00,"Oreo Original",galletitas,3,2200,6600,efectivo
7,1,15:00,"Coca Cola 600ml",bebidas,2,1800,3600,tarjeta
8,1,15:00,"Agua Mineral 500ml",bebidas,2,1200,2400,efectivo
9,1,15:00,"Chicles Beldent",golosinas,3,800,2400,qr
10,1,15:00,"Papas Fritas Lays",snacks,2,2800,5600,efectivo
11,1,15:00,"Chicles Beldent",golosinas,1,800,800,efectivo
12,1,15:00,"Alfajor Havanna",golosinas,2,3500,7000,efectivo
13,1,15:00,"Papas Fritas Lays",snacks,1,2800,2800,transferencia
14,1,15:00,"Chicles Beldent",golosinas,1,800,800,qr
15,1,15:00,"Coca Cola 600ml",bebidas,3,1800,5400,transferencia
1,1,16:00,"Lucky Strike",cigarrillos,2,7500,15000,efectivo
2,1,16:00,"Papas Fritas Lays",snacks,1,2800,2800,tarjeta
3,1,16:00,"Agua Mineral 500ml",bebidas,1,1200,1200,efectivo
4,1,16:00,"Coca Cola 600ml",bebidas,1,1800,1800,tarjeta
5,1,16:00,"Papas Fritas Lays",snacks,1,2800,2800,tarjeta
6,1,16:00,"Gatorade 500ml",bebidas,1,2200,2200,tarjeta
7,1,16:00,"Coca Cola 600ml",bebidas,1,1800,1800,efectivo
8,1,16:00,"Oreo Original",galletitas,2,2200,4400,efectivo
9,1,16:00,"Coca Cola 600ml",bebidas,1,1800,1800,transferencia
10,1,16:00,"Oreo Original",galletitas,2,2200,4400,efectivo
11,1,16:00,"Sprite 600ml",bebidas,3,1750,5250,efectivo
12,1,16:00,"Oreo Original",galletitas,3,2200,6600,efectivo
13,1,16:00,"Gatorade 500ml",bebidas,1,2200,2200,efectivo
1,1,17:00,"Oreo Original",galletitas,3,2200,6600,tarjeta
2,1,17:00,"Sprite 600ml",bebidas,3,1750,5250,tarjeta
3,1,17:00,"Papas Fritas Lays",snacks,1,2800,2800,efectivo
4,1,17:00,"Alfajor Havanna",golosinas,3,3500,10500,efectivo
5,1,17:00,"Chocolate Milka",golosinas,1,4200,4200,efectivo
6,1,17:00,"Cerveza Quilmes 473ml",bebidas,2,2500,5000,efectivo
7,1,17:00,"Philip Morris",cigarrillos,1,7800,7800,tarjeta
8,1,17:00,"Agua Mineral 500ml",bebidas,2,1200,2400,efectivo
1,1,18:00,"Coca Cola 600ml",bebidas,3,1800,5400,efectivo
2,1,18:00,"Papas Fritas Lays",snacks,2,2800,5600,efectivo
3,1,18:00,"Philip Morris",cigarrillos,3,7800,23400,efectivo
4,1,18:00,"Lucky Strike",cigarrillos,2,7500,15000,transferencia
5,1,18:00,"Agua Mineral 500ml",bebidas,1,1200,1200,transferencia
6,1,18:00,"Alfajor Havanna",golosinas,2,3500,7000,efectivo
7,1,18:00,"Chicles Beldent",golosinas,1,800,800,tarjeta
8,1,18:00,"Sprite 600ml",bebidas,1,1750,1750,transferencia
1,1,19:00,"Leche Larga Vida 1L",lacteos,2,2400,4800,efectivo
2,1,19:00,"Coca Cola 600ml",bebidas,3,1800,5400,efectivo
3,1,19:00,"Coca Cola 600ml",bebidas,3,1800,5400,efectivo
4,1,19:00,"Philip Morris",cigarrillos,1,7800,7800,efectivo
5,1,19:00,"Cerveza Quilmes 473ml",bebidas,1,2500,2500,qr
6,1,19:00,"Agua Mineral 500ml",bebidas,3,1200,3600,efectivo
7,1,19:00,"Papas Fritas Lays",snacks,1,2800,2800,transferencia
8,1,19:00,"Coca Cola 600ml",bebidas,3,1800,5400,efectivo
9,1,19:00,"Coca Cola 600ml",bebidas,2,1800,3600,tarjeta
10,1,19:00,"Yerba Mate 500g",almacen,3,3800,11400,efectivo
11,1,19:00,"Cerveza Quilmes 473ml",bebidas,2,2500,5000,transferencia
1,1,20:00,"Coca Cola 600ml",bebidas,3,1800,5400,efectivo
2,1,20:00,"Cerveza Quilmes 473ml",bebidas,1,2500,2500,efectivo
3,1,20:00,"Coca Cola 600ml",bebidas,2,1800,3600,tarjeta
4,1,20:00,"Chocolate Milka",golosinas,3,4200,12600,efectivo
5,1,20:00,"Alfajor Havanna",golosinas,2,3500,7000,tarjeta
6,1,20:00,"Sprite 600ml",bebidas,2,1750,3500,tarjeta
7,1,20:00,"Chicles Beldent",golosinas,1,800,800,transferencia
8,1,20:00,"Gatorade 500ml",bebidas,1,2200,2200,qr
9,1,20:00,"Chocolate Milka",golosinas,1,4200,4200,tarjeta
10,1,20:00,"Lucky Strike",cigarrillos,2,7500,15000,transferencia
1,1,21:00,"Chicles Beldent",golosinas,2,800,1600,efectivo
2,1,21:00,"Yerba Mate 500g",almacen,2,3800,7600,efectivo
3,1,21:00,"Leche Larga Vida 1L",lacteos,3,2400,7200,efectivo
4,1,21:00,"Alfajor Havanna",golosinas,2,3500,7000,efectivo
5,1,21:00,"Chocolate Milka",golosinas,2,4200,8400,efectivo
1,1,22:00,"Chicles Beldent",golosinas,3,800,2400,efectivo
2,1,22:00,"Alfajor Havanna",golosinas,3,3500,10500,efectivo
3,1,22:00,"Gatorade 500ml",bebidas,1,2200,2200,tarjeta
4,1,22:00,"Chocolate Milka",golosinas,3,4200,12600,efectivo
1,1,23:00,"Agua Mineral 500ml",bebidas,1,1200,1200,tarjeta
2,1,23:00,"Agua Mineral 500ml",bebidas,1,1200,1200,efectivo
3,1,23:00,"Chocolate Milka",golosinas,1,4200,4200,tarjeta
4,1,23:00,"Agua Mineral 500ml",bebidas,1,1200,1200,efectivo
5,1,23:00,"Chicles Beldent",golosinas,2,800,1600,efectivo
6,1,23:00,"Agua Mineral 500ml",bebidas,2,1200,2400,tarjeta
7,1,23:00,"Lucky Strike",cigarrillos,3,7500,22500,efectivo
151,2,07:00,"Cerveza Quilmes 473ml",bebidas,3,2500,7500,transferencia
152,2,07:00,"Sprite 600ml",bebidas,2,1750,3500,efectivo
153,2,07:00,"Agua Mineral 500ml",bebidas,3,1200,3600,efectivo
151,2,08:00,"Oreo Original",galletitas,1,2200,2200,tarjeta
152,2,08:00,"Coca Cola 600ml",bebidas,1,1800,1800,tarjeta
153,2,08:00,"Agua Mineral 500ml",bebidas,3,1200,3600,efectivo
154,2,08:00,"Chicles Beldent",golosinas,1,800,800,tarjeta
155,2,08:00,"Papas Fritas Lays",snacks,2,2800,5600,efectivo
156,2,08:00,"Oreo Original",galletitas,3,2200,6600,tarjeta
157,2,08:00,"Cerveza Quilmes 473ml",bebidas,3,2500,7500,efectivo
158,2,08:00,"Chocolate Milka",golosinas,1,4200,4200,tarjeta
159,2,08:00,"Papas Fritas Lays",snacks,3,2800,8400,efectivo
151,2,09:00,"Agua Mineral 500ml",bebidas,1,1200,1200,transferencia
152,2,09:00,"Coca Cola 600ml",bebidas,3,1800,5400,efectivo
153,2,09:00,"Leche Larga Vida 1L",lacteos,1,2400,2400,efectivo
154,2,09:00,"Agua Mineral 500ml",bebidas,3,1200,3600,transferencia
155,2,09:00,"Marlboro Box",cigarrillos,1,8500,8500,efectivo
156,2,09:00,"Chicles Beldent",golosinas,2,800,1600,tarjeta
157,2,09:00,"Coca Cola 600ml",bebidas,2,1800,3600,efectivo
151,2,10:00,"Agua Mineral 500ml",bebidas,3,1200,3600,efectivo
152,2,10:00,"Oreo Original",galletitas,1,2200,2200,qr
153,2,10:00,"Oreo Original",galletitas,2,2200,4400,efectivo
154,2,10:00,"Cerveza Quilmes 473ml",bebidas,2,2500,5000,efectivo
155,2,10:00,"Chocolate Milka",golosinas,2,4200,8400,efectivo
151,2,11:00,"Cerveza Quilmes 473ml",bebidas,2,2500,5000,qr
152,2,11:00,"Chicles Beldent",golosinas,3,800,2400,transferencia
153,2,11:00,"Cerveza Quilmes 473ml",bebidas,1,2500,2500,efectivo
154,2,11:00,"Sprite 600ml",bebidas,2,1750,3500,efectivo
155,2,11:00,"Papas Fritas Lays",snacks,3,2800,8400,efectivo
156,2,11:00,"Agua Mineral 500ml",bebidas,3,1200,3600,tarjeta
157,2,11:00,"Gatorade 500ml",bebidas,3,2200,6600,efectivo
158,2,11:00,"Lucky Strike",cigarrillos,1,7500,7500,tarjeta
151,2,12:00,"Coca Cola 600ml",bebidas,2,1800,3600,efectivo
152,2,12:00,"Chocolate Milka",golosinas,2,4200,8400,efectivo
153,2,12:00,"Leche Larga Vida 1L",lacteos,3,2400,7200,efectivo
154,2,12:00,"Coca Cola 600ml",bebidas,2,1800,3600,tarjeta
155,2,12:00,"Cerveza Quilmes 473ml",bebidas,2,2500,5000,efectivo
156,2,12:00,"Coca Cola 600ml",bebidas,3,1800,5400,qr
157,2,12:00,"Coca Cola 600ml",bebidas,3,1800,5400,tarjeta
158,2,12:00,"Agua Mineral 500ml",bebidas,1,1200,1200,efectivo
159,2,12:00,"Yerba Mate 500g",almacen,3,3800,11400,qr
151,2,13:00,"Agua Mineral 500ml",bebidas,3,1200,3600,tarjeta
152,2,13:00,"Alfajor Havanna",golosinas,3,3500,10500,efectivo
153,2,13:00,"Gatorade 500ml",bebidas,1,2200,2200,tarjeta
154,2,13:00,"Chicles Beldent",golosinas,2,800,1600,transferencia
155,2,13:00,"Agua Mineral 500ml",bebidas,1,1200,1200,tarjeta
156,2,13:00,"Chicles Beldent",golosinas,3,800,2400,transferencia
157,2,13:00,"Philip Morris",cigarrillos,2,7800,15600,tarjeta
158,2,13:00,"Chicles Beldent",golosinas,1,800,800,tarjeta
159,2,13:00,"Cerveza Quilmes 473ml",bebidas,3,2500,7500,transferencia
160,2,13:00,"Chicles Beldent",golosinas,1,800,800,tarjeta
161,2,13:00,"Sprite 600ml",bebidas,1,1750,1750,efectivo
162,2,13:00,"Chicles Beldent",golosinas,3,800,2400,tarjeta
151,2,14:00,"Agua Mineral 500ml",bebidas,3,1200,3600,efectivo
152,2,14:00,"Coca Cola 600ml",bebidas,1,1800,1800,qr
153,2,14:00,"Coca Cola 600ml",bebidas,2,1800,3600,tarjeta
154,2,14:00,"Agua Mineral 500ml",bebidas,1,1200,1200,tarjeta
155,2,14:00,"Coca Cola 600ml",bebidas,1,1800,1800,efectivo
156,2,14:00,"Oreo Original",galletitas,1,2200,2200,efectivo
157,2,14:00,"Papas Fritas Lays",snacks,3,2800,8400,efectivo
158,2,14:00,"Coca Cola 600ml",bebidas,2,1800,3600,efectivo
159,2,14:00,"Agua Mineral 500ml",bebidas,1,1200,1200,transferencia
160,2,14:00,"Sprite 600ml",bebidas,2,1750,3500,tarjeta
151,2,15:00,"Cerveza Quilmes 473ml",bebidas,3,2500,7500,efectivo
152,2,15:00,"Sprite 600ml",bebidas,1,1750,1750,efectivo
153,2,15:00,"Alfajor Havanna",golosinas,2,3500,7000,efectivo
154,2,15:00,"Cerveza Quilmes 473ml",bebidas,1,2500,2500,efectivo
155,2,15:00,"Agua Mineral 500ml",bebidas,1,1200,1200,efectivo
156,2,15:00,"Sprite 600ml",bebidas,3,1750,5250,efectivo
157,2,15:00,"Gatorade 500ml",bebidas,3,2200,6600,tarjeta
158,2,15:00,"Chocolate Milka",golosinas,1,4200,4200,tarjeta
151,2,16:00,"Pan Lactal",panaderia,3,3200,9600,efectivo
152,2,16:00,"Coca Cola 600ml",bebidas,1,1800,1800,qr
153,2,16:00,"Alfajor Havanna",golosinas,2,3500,7000,efectivo
154,2,16:00,"Cerveza Quilmes 473ml",bebidas,1,2500,2500,tarjeta
155,2,16:00,"Alfajor Havanna",golosinas,2,3500,7000,transferencia
156,2,16:00,"Cerveza Quilmes 473ml",bebidas,1,2500,2500,tarjeta
157,2,16:00,"Marlboro Box",cigarrillos,2,8500,17000,efectivo
151,2,17:00,"Marlboro Box",cigarrillos,2,8500,17000,tarjeta
152,2,17:00,"Philip Morris",cigarrillos,1,7800,7800,efectivo
153,2,17:00,"Chicles Beldent",golosinas,2,800,1600,efectivo
154,2,17:00,"Philip Morris",cigarrillos,3,7800,23400,efectivo
151,2,18:00,"Alfajor Havanna",golosinas,3,3500,10500,transferencia
152,2,18:00,"Philip Morris",cigarrillos,2,7800,15600,tarjeta
153,2,18:00,"Philip Morris",cigarrillos,3,7800,23400,tarjeta
151,2,19:00,"Agua Mineral 500ml",bebidas,1,1200,1200,efectivo
152,2,19:00,"Cerveza Quilmes 473ml",bebidas,2,2500,5000,efectivo
153,2,19:00,"Coca Cola 600ml",bebidas,1,1800,1800,efectivo
154,2,19:00,"Marlboro Box",cigarrillos,2,8500,17000,efectivo
155,2,19:00,"Agua Mineral 500ml",bebidas,2,1200,2400,tarjeta
156,2,19:00,"Coca Cola 600ml",bebidas,3,1800,5400,tarjeta
157,2,19:00,"Oreo Original",galletitas,3,2200,6600,tarjeta
151,2,20:00,"Alfajor Havanna",golosinas,2,3500,7000,tarjeta
152,2,20:00,"Cerveza Quilmes 473ml",bebidas,2,2500,5000,transferencia
153,2,20:00,"Alfajor Havanna",golosinas,3,3500,10500,transferencia
154,2,20:00,"Coca Cola 600ml",bebidas,3,1800,5400,transferencia
155,2,20:00,"Sprite 600ml",bebidas,1,1750,1750,transferencia
156,2,20:00,"Gatorade 500ml",bebidas,1,2200,2200,efectivo
151,2,21:00,"Sprite 600ml",bebidas,3,1750,5250,tarjeta
152,2,21:00,"Leche Larga Vida 1L",lacteos,1,2400,2400,efectivo
153,2,21:00,"Oreo Original",galletitas,1,2200,2200,tarjeta
154,2,21:00,"Chicles Beldent",golosinas,3,800,2400,transferencia
155,2,21:00,"Agua Mineral 500ml",bebidas,2,1200,2400,efectivo
156,2,21:00,"Yerba Mate 500g",almacen,3,3800,11400,transferencia
151,2,22:00,"Coca Cola 600ml",bebidas,2,1800,3600,transferencia
152,2,22:00,"Philip Morris",cigarrillos,2,7800,15600,efectivo
151,2,23:00,"Leche Larga Vida 1L",lacteos,3,2400,7200,efectivo
152,2,23:00,"Alfajor Havanna",golosinas,3,3500,10500,tarjeta
259,3,07:00,"Philip Morris",cigarrillos,3,7800,23400,efectivo
259,3,08:00,"Papas Fritas Lays",snacks,1,2800,2800,efectivo
260,3,08:00,"Cerveza Quilmes 473ml",bebidas,2,2500,5000,efectivo
261,3,08:00,"Philip Morris",cigarrillos,3,7800,23400,efectivo
262,3,08:00,"Lucky Strike",cigarrillos,3,7500,22500,tarjeta
259,3,09:00,"Coca Cola 600ml",bebidas,1,1800,1800,efectivo
260,3,09:00,"Sprite 600ml",bebidas,2,1750,3500,tarjeta
261,3,09:00,"Sprite 600ml",bebidas,3,1750,5250,transferencia
262,3,09:00,"Alfajor Havanna",golosinas,1,3500,3500,efectivo
263,3,09:00,"Papas Fritas Lays",snacks,2,2800,5600,efectivo
264,3,09:00,"Chicles Beldent",golosinas,2,800,1600,efectivo
265,3,09:00,"Sprite 600ml",bebidas,2,1750,3500,transferencia
266,3,09:00,"Marlboro Box",cigarrillos,3,8500,25500,efectivo
259,3,10:00,"Agua Mineral 500ml",bebidas,2,1200,2400,tarjeta
260,3,10:00,"Marlboro Box",cigarrillos,3,8500,25500,efectivo
259,3,11:00,"Chicles Beldent",golosinas,2,800,1600,efectivo
260,3,11:00,"Coca Cola 600ml",bebidas,2,1800,3600,efectivo
261,3,11:00,"Agua Mineral 500ml",bebidas,3,1200,3600,efectivo
262,3,11:00,"Coca Cola 600ml",bebidas,2,1800,3600,tarjeta
263,3,11:00,"Coca Cola 600ml",bebidas,3,1800,5400,efectivo
264,3,11:00,"Agua Mineral 500ml",bebidas,2,1200,2400,efectivo
265,3,11:00,"Chocolate Milka",golosinas,1,4200,4200,efectivo
266,3,11:00,"Chocolate Milka",golosinas,1,4200,4200,efectivo
267,3,11:00,"Sprite 600ml",bebidas,3,1750,5250,efectivo
259,3,12:00,"Chicles Beldent",golosinas,3,800,2400,efectivo
260,3,12:00,"Sprite 600ml",bebidas,3,1750,5250,efectivo
261,3,12:00,"Sprite 600ml",bebidas,2,1750,3500,efectivo
262,3,12:00,"Chicles Beldent",golosinas,2,800,1600,transferencia
263,3,12:00,"Leche Larga Vida 1L",lacteos,3,2400,7200,transferencia
264,3,12:00,"Leche Larga Vida 1L",lacteos,1,2400,2400,qr
265,3,12:00,"Alfajor Havanna",golosinas,1,3500,3500,tarjeta
266,3,12:00,"Coca Cola 600ml",bebidas,2,1800,3600,tarjeta
267,3,12:00,"Cerveza Quilmes 473ml",bebidas,3,2500,7500,efectivo
268,3,12:00,"Oreo Original",galletitas,1,2200,2200,qr
269,3,12:00,"Papas Fritas Lays",snacks,3,2800,8400,efectivo
270,3,12:00,"Agua Mineral 500ml",bebidas,2,1200,2400,efectivo
271,3,12:00,"Chicles Beldent",golosinas,2,800,1600,efectivo
272,3,12:00,"Chicles Beldent",golosinas,1,800,800,efectivo
273,3,12:00,"Lucky Strike",cigarrillos,3,7500,22500,efectivo
259,3,13:00,"Pan Lactal",panaderia,1,3200,3200,efectivo
260,3,13:00,"Coca Cola 600ml",bebidas,1,1800,1800,efectivo
261,3,13:00,"Alfajor Havanna",golosinas,2,3500,7000,efectivo
262,3,13:00,"Pan Lactal",panaderia,3,3200,9600,tarjeta
263,3,13:00,"Cerveza Quilmes 473ml",bebidas,1,2500,2500,tarjeta
264,3,13:00,"Coca Cola 600ml",bebidas,2,1800,3600,efectivo
265,3,13:00,"Papas Fritas Lays",snacks,3,2800,8400,qr
266,3,13:00,"Coca Cola 600ml",bebidas,3,1800,5400,tarjeta
267,3,13:00,"Sprite 600ml",bebidas,2,1750,3500,efectivo
268,3,13:00,"Sprite 600ml",bebidas,1,1750,1750,efectivo
259,3,14:00,"Gatorade 500ml",bebidas,3,2200,6600,efectivo
260,3,14:00,"Papas Fritas Lays",snacks,3,2800,8400,transferencia
261,3,14:00,"Chocolate Milka",golosinas,1,4200,4200,efectivo
262,3,14:00,"Coca Cola 600ml",bebidas,1,1800,1800,efectivo
263,3,14:00,"Oreo Original",galletitas,3,2200,6600,efectivo
264,3,14:00,"Cerveza Quilmes 473ml",bebidas,3,2500,7500,efectivo
259,3,15:00,"Coca Cola 600ml",bebidas,2,1800,3600,qr
260,3,15:00,"Alfajor Havanna",golosinas,1,3500,3500,tarjeta
261,3,15:00,"Coca Cola 600ml",bebidas,1,1800,1800,efectivo
262,3,15:00,"Chocolate Milka",golosinas,1,4200,4200,tarjeta
263,3,15:00,"Pan Lactal",panaderia,1,3200,3200,efectivo
264,3,15:00,"Sprite 600ml",bebidas,1,1750,1750,efectivo
265,3,15:00,"Chicles Beldent",golosinas,2,800,1600,efectivo
266,3,15:00,"Coca Cola 600ml",bebidas,2,1800,3600,tarjeta
267,3,15:00,"Alfajor Havanna",golosinas,2,3500,7000,tarjeta
268,3,15:00,"Yerba Mate 500g",almacen,1,3800,3800,efectivo
269,3,15:00,"Agua Mineral 500ml",bebidas,3,1200,3600,efectivo
259,3,16:00,"Sprite 600ml",bebidas,3,1750,5250,efectivo
260,3,16:00,"Coca Cola 600ml",bebidas,1,1800,1800,transferencia
261,3,16:00,"Alfajor Havanna",golosinas,2,3500,7000,efectivo
262,3,16:00,"Agua Mineral 500ml",bebidas,2,1200,2400,qr
263,3,16:00,"Chocolate Milka",golosinas,2,4200,8400,efectivo
264,3,16:00,"Chicles Beldent",golosinas,1,800,800,efectivo
265,3,16:00,"Chicles Beldent",golosinas,2,800,1600,tarjeta
266,3,16:00,"Chocolate Milka",golosinas,2,4200,8400,efectivo
267,3,16:00,"Coca Cola 600ml",bebidas,2,1800,3600,transferencia
259,3,17:00,"Chicles Beldent",golosinas,1,800,800,qr
260,3,17:00,"Alfajor Havanna",golosinas,3,3500,10500,tarjeta
261,3,17:00,"Oreo Original",galletitas,1,2200,2200,tarjeta
262,3,17:00,"Chicles Beldent",golosinas,1,800,800,efectivo
263,3,17:00,"Chocolate Milka",golosinas,2,4200,8400,tarjeta
264,3,17:00,"Alfajor Havanna",golosinas,2,3500,7000,tarjeta
265,3,17:00,"Sprite 600ml",bebidas,2,1750,3500,efectivo
259,3,18:00,"Chicles Beldent",golosinas,3,800,2400,qr
260,3,18:00,"Alfajor Havanna",golosinas,1,3500,3500,efectivo
261,3,18:00,"Oreo Original",galletitas,1,2200,2200,efectivo
262,3,18:00,"Gatorade 500ml",bebidas,3,2200,6600,transferencia
263,3,18:00,"Coca Cola 600ml",bebidas,2,1800,3600,tarjeta
264,3,18:00,"Lucky Strike",cigarrillos,2,7500,15000,efectivo
265,3,18:00,"Cerveza Quilmes 473ml",bebidas,3,2500,7500,efectivo
266,3,18:00,"Papas Fritas Lays",snacks,2,2800,5600,tarjeta
259,3,19:00,"Sprite 600ml",bebidas,1,1750,1750,tarjeta
260,3,19:00,"Coca Cola 600ml",bebidas,2,1800,3600,tarjeta
261,3,19:00,"Yerba Mate 500g",almacen,2,3800,7600,qr
262,3,19:00,"Oreo Original",galletitas,1,2200,2200,efectivo
263,3,19:00,"Alfajor Havanna",golosinas,3,3500,10500,transferencia
264,3,19:00,"Pan Lactal",panaderia,1,3200,3200,qr
265,3,19:00,"Agua Mineral 500ml",bebidas,1,1200,1200,efectivo
266,3,19:00,"Agua Mineral 500ml",bebidas,2,1200,2400,efectivo
267,3,19:00,"Cerveza Quilmes 473ml",bebidas,1,2500,2500,efectivo
268,3,19:00,"Sprite 600ml",bebidas,2,1750,3500,transferencia
269,3,19:00,"Agua Mineral 500ml",bebidas,3,1200,3600,efectivo
259,3,20:00,"Cerveza Quilmes 473ml",bebidas,2,2500,5000,efectivo
260,3,20:00,"Papas Fritas Lays",snacks,1,2800,2800,efectivo
261,3,20:00,"Chocolate Milka",golosinas,1,4200,4200,efectivo
262,3,20:00,"Agua Mineral 500ml",bebidas,3,1200,3600,efectivo
263,3,20:00,"Chicles Beldent",golosinas,1,800,800,tarjeta
264,3,20:00,"Coca Cola 600ml",bebidas,2,1800,3600,tarjeta
265,3,20:00,"Chicles Beldent",golosinas,3,800,2400,efectivo
266,3,20:00,"Coca Cola 600ml",bebidas,3,1800,5400,qr
267,3,20:00,"Agua Mineral 500ml",bebidas,1,1200,1200,efectivo
268,3,20:00,"Gatorade 500ml",bebidas,1,2200,2200,efectivo
259,3,21:00,"Gatorade 500ml",bebidas,3,2200,6600,tarjeta
260,3,21:00,"Papas Fritas Lays",snacks,2,2800,5600,tarjeta
261,3,21:00,"Gatorade 500ml",bebidas,2,2200,4400,efectivo
262,3,21:00,"Cerveza Quilmes 473ml",bebidas,2,2500,5000,tarjeta
259,3,22:00,"Chocolate Milka",golosinas,2,4200,8400,tarjeta
260,3,22:00,"Coca Cola 600ml",bebidas,3,1800,5400,efectivo
261,3,22:00,"Sprite 600ml",bebidas,3,1750,5250,efectivo
262,3,22:00,"Papas Fritas Lays",snacks,1,2800,2800,tarjeta
259,3,23:00,"Chicles Beldent",golosinas,1,800,800,efectivo
260,3,23:00,"Lucky Strike",cigarrillos,3,7500,22500,efectivo
380,4,07:00,"Yerba Mate 500g",almacen,2,3800,7600,efectivo
381,4,07:00,"Sprite 600ml",bebidas,3,1750,5250,efectivo
382,4,07:00,"Agua Mineral 500ml",bebidas,3,1200,3600,tarjeta
380,4,08:00,"Oreo Original",galletitas,2,2200,4400,tarjeta
381,4,08:00,"Yerba Mate 500g",almacen,2,3800,7600,efectivo
382,4,08:00,"Agua Mineral 500ml",bebidas,2,1200,2400,efectivo
383,4,08:00,"Cerveza Quilmes 473ml",bebidas,3,2500,7500,transferencia
384,4,08:00,"Cerveza Quilmes 473ml",bebidas,1,2500,2500,efectivo
385,4,08:00,"Chocolate Milka",golosinas,1,4200,4200,efectivo
386,4,08:00,"Sprite 600ml",bebidas,2,1750,3500,tarjeta
387,4,08:00,"Pan Lactal",panaderia,3,3200,9600,efectivo
380,4,09:00,"Alfajor Havanna",golosinas,2,3500,7000,efectivo
381,4,09:00,"Coca Cola 600ml",bebidas,2,1800,3600,efectivo
382,4,09:00,"Papas Fritas Lays",snacks,3,2800,8400,efectivo
383,4,09:00,"Marlboro Box",cigarrillos,1,8500,8500,qr
384,4,09:00,"Philip Morris",cigarrillos,2,7800,15600,efectivo
380,4,10:00,"Pan Lactal",panaderia,1,3200,3200,transferencia
381,4,10:00,"Gatorade 500ml",bebidas,3,2200,6600,efectivo
382,4,10:00,"Agua Mineral 500ml",bebidas,2,1200,2400,efectivo
383,4,10:00,"Philip Morris",cigarrillos,2,7800,15600,efectivo
380,4,11:00,"Chicles Beldent",golosinas,2,800,1600,efectivo
381,4,11:00,"Papas Fritas Lays",snacks,3,2800,8400,transferencia
382,4,11:00,"Alfajor Havanna",golosinas,3,3500,10500,tarjeta
383,4,11:00,"Philip Morris",cigarrillos,3,7800,23400,efectivo
380,4,12:00,"Philip Morris",cigarrillos,2,7800,15600,efectivo
381,4,12:00,"Chicles Beldent",golosinas,1,800,800,efectivo
382,4,12:00,"Chicles Beldent",golosinas,1,800,800,tarjeta
383,4,12:00,"Chicles Beldent",golosinas,3,800,2400,tarjeta
384,4,12:00,"Cerveza Quilmes 473ml",bebidas,3,2500,7500,efectivo
385,4,12:00,"Oreo Original",galletitas,2,2200,4400,efectivo
386,4,12:00,"Sprite 600ml",bebidas,3,1750,5250,tarjeta
387,4,12:00,"Chicles Beldent",golosinas,3,800,2400,qr
388,4,12:00,"Cerveza Quilmes 473ml",bebidas,2,2500,5000,qr
389,4,12:00,"Agua Mineral 500ml",bebidas,1,1200,1200,efectivo
380,4,13:00,"Cerveza Quilmes 473ml",bebidas,3,2500,7500,qr
381,4,13:00,"Papas Fritas Lays",snacks,1,2800,2800,efectivo
382,4,13:00,"Oreo Original",galletitas,2,2200,4400,efectivo
383,4,13:00,"Agua Mineral 500ml",bebidas,1,1200,1200,transferencia
384,4,13:00,"Oreo Original",galletitas,3,2200,6600,tarjeta
385,4,13:00,"Lucky Strike",cigarrillos,1,7500,7500,efectivo
386,4,13:00,"Alfajor Havanna",golosinas,2,3500,7000,tarjeta
387,4,13:00,"Sprite 600ml",bebidas,3,1750,5250,qr
380,4,14:00,"Cerveza Quilmes 473ml",bebidas,2,2500,5000,efectivo
381,4,14:00,"Coca Cola 600ml",bebidas,3,1800,5400,qr
382,4,14:00,"Marlboro Box",cigarrillos,3,8500,25500,tarjeta
380,4,15:00,"Papas Fritas Lays",snacks,3,2800,8400,efectivo
381,4,15:00,"Oreo Original",galletitas,2,2200,4400,tarjeta
382,4,15:00,"Coca Cola 600ml",bebidas,1,1800,1800,efectivo
383,4,15:00,"Alfajor Havanna",golosinas,3,3500,10500,efectivo
384,4,15:00,"Pan Lactal",panaderia,2,3200,6400,tarjeta
385,4,15:00,"Sprite 600ml",bebidas,1,1750,1750,tarjeta
386,4,15:00,"Gatorade 500ml",bebidas,2,2200,4400,efectivo
380,4,16:00,"Coca Cola 600ml",bebidas,2,1800,3600,tarjeta
381,4,16:00,"Oreo Original",galletitas,3,2200,6600,efectivo
382,4,16:00,"Agua Mineral 500ml",bebidas,2,1200,2400,tarjeta
383,4,16:00,"Oreo Original",galletitas,1,2200,2200,efectivo
384,4,16:00,"Chocolate Milka",golosinas,1,4200,4200,qr
385,4,16:00,"Sprite 600ml",bebidas,1,1750,1750,transferencia
386,4,16:00,"Sprite 600ml",bebidas,3,1750,5250,efectivo
387,4,16:00,"Cerveza Quilmes 473ml",bebidas,3,2500,7500,efectivo
380,4,17:00,"Chicles Beldent",golosinas,3,800,2400,tarjeta
381,4,17:00,"Chocolate Milka",golosinas,1,4200,4200,efectivo
382,4,17:00,"Agua Mineral 500ml",bebidas,3,1200,3600,efectivo
383,4,17:00,"Cerveza Quilmes 473ml",bebidas,1,2500,2500,qr
384,4,17:00,"Alfajor Havanna",golosinas,2,3500,7000,efectivo
385,4,17:00,"Gatorade 500ml",bebidas,2,2200,4400,efectivo
386,4,17:00,"Coca Cola 600ml",bebidas,1,1800,1800,qr
387,4,17:00,"Alfajor Havanna",golosinas,2,3500,7000,efectivo
380,4,18:00,"Coca Cola 600ml",bebidas,3,1800,5400,qr
381,4,18:00,"Papas Fritas Lays",snacks,1,2800,2800,transferencia
382,4,18:00,"Chocolate Milka",golosinas,2,4200,8400,tarjeta
383,4,18:00,"Coca Cola 600ml",bebidas,2,1800,3600,tarjeta
384,4,18:00,"Agua Mineral 500ml",bebidas,3,1200,3600,qr
385,4,18:00,"Agua Mineral 500ml",bebidas,2,1200,2400,tarjeta
386,4,18:00,"Alfajor Havanna",golosinas,3,3500,10500,efectivo
387,4,18:00,"Cerveza Quilmes 473ml",bebidas,2,2500,5000,efectivo
388,4,18:00,"Chocolate Milka",golosinas,1,4200,4200,transferencia
389,4,18:00,"Papas Fritas Lays",snacks,3,2800,8400,tarjeta
380,4,19:00,"Chocolate Milka",golosinas,2,4200,8400,efectivo
381,4,19:00,"Chocolate Milka",golosinas,3,4200,12600,tarjeta
382,4,19:00,"Coca Cola 600ml",bebidas,2,1800,3600,tarjeta
383,4,19:00,"Oreo Original",galletitas,1,2200,2200,tarjeta
384,4,19:00,"Coca Cola 600ml",bebidas,3,1800,5400,tarjeta
385,4,19:00,"Lucky Strike",cigarrillos,1,7500,7500,efectivo
380,4,20:00,"Papas Fritas Lays",snacks,2,2800,5600,transferencia
381,4,20:00,"Gatorade 500ml",bebidas,1,2200,2200,efectivo
382,4,20:00,"Coca Cola 600ml",bebidas,3,1800,5400,tarjeta
383,4,20:00,"Coca Cola 600ml",bebidas,2,1800,3600,tarjeta
384,4,20:00,"Gatorade 500ml",bebidas,1,2200,2200,efectivo
385,4,20:00,"Alfajor Havanna",golosinas,2,3500,7000,qr
386,4,20:00,"Chicles Beldent",golosinas,3,800,2400,tarjeta
387,4,20:00,"Chicles Beldent",golosinas,2,800,1600,efectivo
388,4,20:00,"Alfajor Havanna",golosinas,2,3500,7000,tarjeta
380,4,21:00,"Chicles Beldent",golosinas,3,800,2400,tarjeta
381,4,21:00,"Agua Mineral 500ml",bebidas,3,1200,3600,tarjeta
382,4,21:00,"Alfajor Havanna",golosinas,1,3500,3500,qr
383,4,21:00,"Gatorade 500ml",bebidas,3,2200,6600,tarjeta
384,4,21:00,"Agua Mineral 500ml",bebidas,2,1200,2400,transferencia
385,4,21:00,"Agua Mineral 500ml",bebidas,1,1200,1200,tarjeta
386,4,21:00,"Coca Cola 600ml",bebidas,3,1800,5400,efectivo
380,4,22:00,"Chicles Beldent",golosinas,2,800,1600,efectivo
381,4,22:00,"Agua Mineral 500ml",bebidas,1,1200,1200,tarjeta
382,4,22:00,"Alfajor Havanna",golosinas,3,3500,10500,transferencia
383,4,22:00,"Oreo Original",galletitas,1,2200,2200,efectivo
384,4,22:00,"Sprite 600ml",bebidas,1,1750,1750,tarjeta
385,4,22:00,"Chocolate Milka",golosinas,3,4200,12600,qr
380,4,23:00,"Marlboro Box",cigarrillos,3,8500,25500,efectivo
487,5,07:00,"Cerveza Quilmes 473ml",bebidas,1,2500,2500,efectivo
488,5,07:00,"Papas Fritas Lays",snacks,3,2800,8400,tarjeta
489,5,07:00,"Marlboro Box",cigarrillos,3,8500,25500,efectivo
487,5,08:00,"Coca Cola 600ml",bebidas,3,1800,5400,transferencia
488,5,08:00,"Coca Cola 600ml",bebidas,1,1800,1800,transferencia
489,5,08:00,"Chicles Beldent",golosinas,2,800,1600,tarjeta
490,5,08:00,"Philip Morris",cigarrillos,2,7800,15600,efectivo
491,5,08:00,"Alfajor Havanna",golosinas,3,3500,10500,efectivo
492,5,08:00,"Chicles Beldent",golosinas,1,800,800,efectivo
493,5,08:00,"Sprite 600ml",bebidas,1,1750,1750,efectivo
494,5,08:00,"Coca Cola 600ml",bebidas,3,1800,5400,efectivo
487,5,09:00,"Coca Cola 600ml",bebidas,3,1800,5400,tarjeta
488,5,09:00,"Papas Fritas Lays",snacks,2,2800,5600,efectivo
489,5,09:00,"Agua Mineral 500ml",bebidas,1,1200,1200,tarjeta
490,5,09:00,"Lucky Strike",cigarrillos,1,7500,7500,efectivo
491,5,09:00,"Agua Mineral 500ml",bebidas,2,1200,2400,efectivo
492,5,09:00,"Gatorade 500ml",bebidas,2,2200,4400,tarjeta
493,5,09:00,"Sprite 600ml",bebidas,2,1750,3500,efectivo
494,5,09:00,"Alfajor Havanna",golosinas,2,3500,7000,efectivo
487,5,10:00,"Agua Mineral 500ml",bebidas,1,1200,1200,efectivo
488,5,10:00,"Papas Fritas Lays",snacks,2,2800,5600,efectivo
489,5,10:00,"Gatorade 500ml",bebidas,2,2200,4400,tarjeta
490,5,10:00,"Sprite 600ml",bebidas,2,1750,3500,tarjeta
491,5,10:00,"Philip Morris",cigarrillos,1,7800,7800,efectivo
492,5,10:00,"Cerveza Quilmes 473ml",bebidas,2,2500,5000,tarjeta
493,5,10:00,"Oreo Original",galletitas,2,2200,4400,efectivo
487,5,11:00,"Gatorade 500ml",bebidas,1,2200,2200,efectivo
488,5,11:00,"Coca Cola 600ml",bebidas,3,1800,5400,qr
489,5,11:00,"Oreo Original",galletitas,2,2200,4400,tarjeta
490,5,11:00,"Agua Mineral 500ml",bebidas,1,1200,1200,efectivo
491,5,11:00,"Oreo Original",galletitas,1,2200,2200,tarjeta
492,5,11:00,"Alfajor Havanna",golosinas,2,3500,7000,tarjeta
493,5,11:00,"Alfajor Havanna",golosinas,3,3500,10500,tarjeta
494,5,11:00,"Sprite 600ml",bebidas,1,1750,1750,tarjeta
495,5,11:00,"Cerveza Quilmes 473ml",bebidas,2,2500,5000,tarjeta
496,5,11:00,"Coca Cola 600ml",bebidas,3,1800,5400,qr
487,5,12:00,"Coca Cola 600ml",bebidas,3,1800,5400,efectivo
488,5,12:00,"Coca Cola 600ml",bebidas,1,1800,1800,tarjeta
489,5,12:00,"Sprite 600ml",bebidas,3,1750,5250,transferencia
490,5,12:00,"Lucky Strike",cigarrillos,3,7500,22500,qr
491,5,12:00,"Coca Cola 600ml",bebidas,1,1800,1800,efectivo
492,5,12:00,"Lucky Strike",cigarrillos,2,7500,15000,efectivo
493,5,12:00,"Oreo Original",galletitas,3,2200,6600,transferencia
494,5,12:00,"Lucky Strike",cigarrillos,3,7500,22500,transferencia
487,5,13:00,"Marlboro Box",cigarrillos,1,8500,8500,tarjeta
488,5,13:00,"Papas Fritas Lays",snacks,3,2800,8400,efectivo
489,5,13:00,"Oreo Original",galletitas,2,2200,4400,efectivo
490,5,13:00,"Sprite 600ml",bebidas,2,1750,3500,tarjeta
491,5,13:00,"Yerba Mate 500g",almacen,2,3800,7600,efectivo
492,5,13:00,"Yerba Mate 500g",almacen,1,3800,3800,efectivo
493,5,13:00,"Agua Mineral 500ml",bebidas,1,1200,1200,qr
494,5,13:00,"Agua Mineral 500ml",bebidas,1,1200,1200,qr
495,5,13:00,"Sprite 600ml",bebidas,3,1750,5250,tarjeta
496,5,13:00,"Agua Mineral 500ml",bebidas,3,1200,3600,efectivo
497,5,13:00,"Coca Cola 600ml",bebidas,3,1800,5400,qr
487,5,14:00,"Alfajor Havanna",golosinas,1,3500,3500,qr
488,5,14:00,"Gatorade 500ml",bebidas,3,2200,6600,efectivo
489,5,14:00,"Alfajor Havanna",golosinas,1,3500,3500,tarjeta
490,5,14:00,"Papas Fritas Lays",snacks,2,2800,5600,transferencia
491,5,14:00,"Pan Lactal",panaderia,1,3200,3200,efectivo
492,5,14:00,"Coca Cola 600ml",bebidas,3,1800,5400,efectivo
493,5,14:00,"Chocolate Milka",golosinas,3,4200,12600,transferencia
487,5,15:00,"Oreo Original",galletitas,3,2200,6600,tarjeta
488,5,15:00,"Lucky Strike",cigarrillos,1,7500,7500,efectivo
489,5,15:00,"Agua Mineral 500ml",bebidas,2,1200,2400,efectivo
490,5,15:00,"Alfajor Havanna",golosinas,2,3500,7000,tarjeta
491,5,15:00,"Gatorade 500ml",bebidas,2,2200,4400,efectivo
492,5,15:00,"Cerveza Quilmes 473ml",bebidas,2,2500,5000,qr
493,5,15:00,"Chicles Beldent",golosinas,1,800,800,efectivo
494,5,15:00,"Chicles Beldent",golosinas,3,800,2400,tarjeta
495,5,15:00,"Chicles Beldent",golosinas,3,800,2400,efectivo
496,5,15:00,"Chicles Beldent",golosinas,1,800,800,efectivo
497,5,15:00,"Chicles Beldent",golosinas,3,800,2400,efectivo
498,5,15:00,"Yerba Mate 500g",almacen,2,3800,7600,efectivo
487,5,16:00,"Agua Mineral 500ml",bebidas,3,1200,3600,efectivo
488,5,16:00,"Cerveza Quilmes 473ml",bebidas,1,2500,2500,tarjeta
489,5,16:00,"Cerveza Quilmes 473ml",bebidas,2,2500,5000,tarjeta
490,5,16:00,"Cerveza Quilmes 473ml",bebidas,3,2500,7500,efectivo
491,5,16:00,"Lucky Strike",cigarrillos,1,7500,7500,tarjeta
492,5,16:00,"Papas Fritas Lays",snacks,2,2800,5600,tarjeta
493,5,16:00,"Agua Mineral 500ml",bebidas,1,1200,1200,efectivo
494,5,16:00,"Sprite 600ml",bebidas,2,1750,3500,efectivo
487,5,17:00,"Agua Mineral 500ml",bebidas,1,1200,1200,tarjeta
488,5,17:00,"Pan Lactal",panaderia,3,3200,9600,transferencia
489,5,17:00,"Alfajor Havanna",golosinas,3,3500,10500,efectivo
490,5,17:00,"Oreo Original",galletitas,3,2200,6600,efectivo
491,5,17:00,"Sprite 600ml",bebidas,2,1750,3500,transferencia
492,5,17:00,"Sprite 600ml",bebidas,3,1750,5250,qr
493,5,17:00,"Cerveza Quilmes 473ml",bebidas,2,2500,5000,efectivo
487,5,18:00,"Alfajor Havanna",golosinas,2,3500,7000,efectivo
488,5,18:00,"Cerveza Quilmes 473ml",bebidas,3,2500,7500,transferencia
489,5,18:00,"Oreo Original",galletitas,2,2200,4400,efectivo
490,5,18:00,"Sprite 600ml",bebidas,3,1750,5250,transferencia
491,5,18:00,"Alfajor Havanna",golosinas,2,3500,7000,efectivo
492,5,18:00,"Marlboro Box",cigarrillos,3,8500,25500,efectivo
487,5,19:00,"Chicles Beldent",golosinas,1,800,800,transferencia
488,5,19:00,"Pan Lactal",panaderia,1,3200,3200,tarjeta
489,5,19:00,"Sprite 600ml",bebidas,3,1750,5250,tarjeta
490,5,19:00,"Oreo Original",galletitas,1,2200,2200,tarjeta
491,5,19:00,"Coca Cola 600ml",bebidas,2,1800,3600,efectivo
492,5,19:00,"Chicles Beldent",golosinas,3,800,2400,efectivo
493,5,19:00,"Papas Fritas Lays",snacks,1,2800,2800,efectivo
494,5,19:00,"Gatorade 500ml",bebidas,2,2200,4400,transferencia
495,5,19:00,"Agua Mineral 500ml",bebidas,2,1200,2400,efectivo
496,5,19:00,"Agua Mineral 500ml",bebidas,1,1200,1200,efectivo
497,5,19:00,"Alfajor Havanna",golosinas,2,3500,7000,efectivo
498,5,19:00,"Pan Lactal",panaderia,3,3200,9600,efectivo
499,5,19:00,"Coca Cola 600ml",bebidas,2,1800,3600,efectivo
500,5,19:00,"Pan Lactal",panaderia,3,3200,9600,efectivo
487,5,20:00,"Agua Mineral 500ml",bebidas,3,1200,3600,transferencia
488,5,20:00,"Cerveza Quilmes 473ml",bebidas,3,2500,7500,tarjeta
489,5,20:00,"Agua Mineral 500ml",bebidas,1,1200,1200,efectivo
490,5,20:00,"Oreo Original",galletitas,2,2200,4400,tarjeta
491,5,20:00,"Cerveza Quilmes 473ml",bebidas,3,2500,7500,tarjeta
492,5,20:00,"Sprite 600ml",bebidas,3,1750,5250,efectivo
493,5,20:00,"Marlboro Box",cigarrillos,1,8500,8500,efectivo
487,5,21:00,"Marlboro Box",cigarrillos,1,8500,8500,tarjeta
488,5,21:00,"Coca Cola 600ml",bebidas,1,1800,1800,transferencia
489,5,21:00,"Sprite 600ml",bebidas,1,1750,1750,transferencia
490,5,21:00,"Agua Mineral 500ml",bebidas,2,1200,2400,efectivo
491,5,21:00,"Lucky Strike",cigarrillos,1,7500,7500,efectivo
492,5,21:00,"Alfajor Havanna",golosinas,1,3500,3500,efectivo
493,5,21:00,"Cerveza Quilmes 473ml",bebidas,2,2500,5000,efectivo
487,5,22:00,"Cerveza Quilmes 473ml",bebidas,3,2500,7500,efectivo
488,5,22:00,"Coca Cola 600ml",bebidas,3,1800,5400,efectivo
489,5,22:00,"Oreo Original",galletitas,3,2200,6600,tarjeta
490,5,22:00,"Gatorade 500ml",bebidas,2,2200,4400,efectivo
491,5,22:00,"Marlboro Box",cigarrillos,1,8500,8500,transferencia
487,5,23:00,"Gatorade 500ml",bebidas,1,2200,2200,efectivo
488,5,23:00,"Yerba Mate 500g",almacen,2,3800,7600,tarjeta
489,5,23:00,"Oreo Original",galletitas,1,2200,2200,qr
490,5,23:00,"Marlboro Box",cigarrillos,3,8500,25500,efectivo
619,6,07:00,"Agua Mineral 500ml",bebidas,2,1200,2400,efectivo
620,6,07:00,"Oreo Original",galletitas,3,2200,6600,tarjeta
621,6,07:00,"Chocolate Milka",golosinas,3,4200,12600,tarjeta
622,6,07:00,"Lucky Strike",cigarrillos,3,7500,22500,transferencia
619,6,08:00,"Coca Cola 600ml",bebidas,1,1800,1800,efectivo
620,6,08:00,"Coca Cola 600ml",bebidas,2,1800,3600,tarjeta
621,6,08:00,"Chicles Beldent",golosinas,3,800,2400,qr
622,6,08:00,"Chicles Beldent",golosinas,3,800,2400,efectivo
623,6,08:00,"Sprite 600ml",bebidas,1,1750,1750,efectivo
624,6,08:00,"Alfajor Havanna",golosinas,2,3500,7000,efectivo
625,6,08:00,"Papas Fritas Lays",snacks,3,2800,8400,efectivo
626,6,08:00,"Pan Lactal",panaderia,3,3200,9600,transferencia
627,6,08:00,"Sprite 600ml",bebidas,1,1750,1750,tarjeta
628,6,08:00,"Gatorade 500ml",bebidas,3,2200,6600,transferencia
629,6,08:00,"Gatorade 500ml",bebidas,3,2200,6600,tarjeta
630,6,08:00,"Coca Cola 600ml",bebidas,1,1800,1800,tarjeta
631,6,08:00,"Coca Cola 600ml",bebidas,1,1800,1800,efectivo
632,6,08:00,"Alfajor Havanna",golosinas,1,3500,3500,efectivo
619,6,09:00,"Agua Mineral 500ml",bebidas,3,1200,3600,tarjeta
620,6,09:00,"Agua Mineral 500ml",bebidas,3,1200,3600,efectivo
621,6,09:00,"Sprite 600ml",bebidas,2,1750,3500,tarjeta
622,6,09:00,"Marlboro Box",cigarrillos,2,8500,17000,efectivo
623,6,09:00,"Gatorade 500ml",bebidas,1,2200,2200,efectivo
624,6,09:00,"Alfajor Havanna",golosinas,2,3500,7000,tarjeta
625,6,09:00,"Chicles Beldent",golosinas,1,800,800,tarjeta
626,6,09:00,"Philip Morris",cigarrillos,1,7800,7800,efectivo
619,6,10:00,"Gatorade 500ml",bebidas,3,2200,6600,efectivo
620,6,10:00,"Coca Cola 600ml",bebidas,2,1800,3600,efectivo
621,6,10:00,"Coca Cola 600ml",bebidas,1,1800,1800,transferencia
622,6,10:00,"Marlboro Box",cigarrillos,1,8500,8500,efectivo
623,6,10:00,"Sprite 600ml",bebidas,1,1750,1750,efectivo
624,6,10:00,"Lucky Strike",cigarrillos,2,7500,15000,tarjeta
625,6,10:00,"Oreo Original",galletitas,2,2200,4400,tarjeta
619,6,11:00,"Chocolate Milka",golosinas,3,4200,12600,tarjeta
620,6,11:00,"Chicles Beldent",golosinas,1,800,800,tarjeta
621,6,11:00,"Agua Mineral 500ml",bebidas,1,1200,1200,efectivo
622,6,11:00,"Coca Cola 600ml",bebidas,2,1800,3600,efectivo
623,6,11:00,"Cerveza Quilmes 473ml",bebidas,2,2500,5000,tarjeta
624,6,11:00,"Coca Cola 600ml",bebidas,3,1800,5400,tarjeta
625,6,11:00,"Coca Cola 600ml",bebidas,1,1800,1800,efectivo
626,6,11:00,"Chicles Beldent",golosinas,1,800,800,tarjeta
627,6,11:00,"Sprite 600ml",bebidas,2,1750,3500,efectivo
628,6,11:00,"Agua Mineral 500ml",bebidas,3,1200,3600,tarjeta
629,6,11:00,"Sprite 600ml",bebidas,3,1750,5250,tarjeta
630,6,11:00,"Oreo Original",galletitas,1,2200,2200,efectivo
631,6,11:00,"Cerveza Quilmes 473ml",bebidas,2,2500,5000,efectivo
619,6,12:00,"Lucky Strike",cigarrillos,3,7500,22500,efectivo
620,6,12:00,"Agua Mineral 500ml",bebidas,1,1200,1200,efectivo
621,6,12:00,"Agua Mineral 500ml",bebidas,2,1200,2400,tarjeta
622,6,12:00,"Papas Fritas Lays",snacks,2,2800,5600,qr
623,6,12:00,"Coca Cola 600ml",bebidas,2,1800,3600,tarjeta
624,6,12:00,"Oreo Original",galletitas,2,2200,4400,efectivo
625,6,12:00,"Alfajor Havanna",golosinas,3,3500,10500,efectivo
626,6,12:00,"Cerveza Quilmes 473ml",bebidas,1,2500,2500,efectivo
627,6,12:00,"Oreo Original",galletitas,3,2200,6600,efectivo
628,6,12:00,"Papas Fritas Lays",snacks,1,2800,2800,efectivo
629,6,12:00,"Alfajor Havanna",golosinas,2,3500,7000,tarjeta
630,6,12:00,"Gatorade 500ml",bebidas,3,2200,6600,transferencia
619,6,13:00,"Alfajor Havanna",golosinas,3,3500,10500,efectivo
620,6,13:00,"Chocolate Milka",golosinas,1,4200,4200,efectivo
621,6,13:00,"Cerveza Quilmes 473ml",bebidas,3,2500,7500,efectivo
622,6,13:00,"Philip Morris",cigarrillos,3,7800,23400,efectivo
623,6,13:00,"Marlboro Box",cigarrillos,1,8500,8500,tarjeta
624,6,13:00,"Yerba Mate 500g",almacen,3,3800,11400,qr
625,6,13:00,"Oreo Original",galletitas,1,2200,2200,tarjeta
626,6,13:00,"Chocolate Milka",golosinas,3,4200,12600,efectivo
619,6,14:00,"Agua Mineral 500ml",bebidas,2,1200,2400,efectivo
620,6,14:00,"Coca Cola 600ml",bebidas,2,1800,3600,efectivo
621,6,14:00,"Cerveza Quilmes 473ml",bebidas,3,2500,7500,qr
622,6,14:00,"Philip Morris",cigarrillos,2,7800,15600,tarjeta
623,6,14:00,"Cerveza Quilmes 473ml",bebidas,3,2500,7500,tarjeta
624,6,14:00,"Gatorade 500ml",bebidas,3,2200,6600,efectivo
619,6,15:00,"Papas Fritas Lays",snacks,2,2800,5600,tarjeta
620,6,15:00,"Chocolate Milka",golosinas,1,4200,4200,efectivo
621,6,15:00,"Coca Cola 600ml",bebidas,2,1800,3600,efectivo
622,6,15:00,"Agua Mineral 500ml",bebidas,1,1200,1200,efectivo
623,6,15:00,"Chocolate Milka",golosinas,2,4200,8400,tarjeta
624,6,15:00,"Oreo Original",galletitas,3,2200,6600,transferencia
625,6,15:00,"Chicles Beldent",golosinas,1,800,800,qr
626,6,15:00,"Cerveza Quilmes 473ml",bebidas,1,2500,2500,tarjeta
627,6,15:00,"Chocolate Milka",golosinas,3,4200,12600,tarjeta
628,6,15:00,"Chicles Beldent",golosinas,3,800,2400,efectivo
629,6,15:00,"Agua Mineral 500ml",bebidas,1,1200,1200,efectivo
630,6,15:00,"Oreo Original",galletitas,1,2200,2200,tarjeta
619,6,16:00,"Lucky Strike",cigarrillos,1,7500,7500,transferencia
620,6,16:00,"Chocolate Milka",golosinas,1,4200,4200,efectivo
621,6,16:00,"Cerveza Quilmes 473ml",bebidas,1,2500,2500,qr
622,6,16:00,"Philip Morris",cigarrillos,1,7800,7800,transferencia
623,6,16:00,"Oreo Original",galletitas,2,2200,4400,tarjeta
624,6,16:00,"Oreo Original",galletitas,2,2200,4400,efectivo
625,6,16:00,"Cerveza Quilmes 473ml",bebidas,3,2500,7500,tarjeta
626,6,16:00,"Sprite 600ml",bebidas,1,1750,1750,transferencia
627,6,16:00,"Alfajor Havanna",golosinas,3,3500,10500,efectivo
619,6,17:00,"Cerveza Quilmes 473ml",bebidas,3,2500,7500,efectivo
620,6,17:00,"Lucky Strike",cigarrillos,1,7500,7500,efectivo
621,6,17:00,"Coca Cola 600ml",bebidas,2,1800,3600,efectivo
622,6,17:00,"Cerveza Quilmes 473ml",bebidas,3,2500,7500,transferencia
623,6,17:00,"Yerba Mate 500g",almacen,2,3800,7600,tarjeta
624,6,17:00,"Alfajor Havanna",golosinas,2,3500,7000,tarjeta
619,6,18:00,"Philip Morris",cigarrillos,1,7800,7800,transferencia
620,6,18:00,"Lucky Strike",cigarrillos,1,7500,7500,tarjeta
621,6,18:00,"Marlboro Box",cigarrillos,2,8500,17000,efectivo
622,6,18:00,"Sprite 600ml",bebidas,1,1750,1750,efectivo
623,6,18:00,"Oreo Original",galletitas,2,2200,4400,transferencia
624,6,18:00,"Agua Mineral 500ml",bebidas,3,1200,3600,tarjeta
625,6,18:00,"Oreo Original",galletitas,3,2200,6600,tarjeta
626,6,18:00,"Chocolate Milka",golosinas,3,4200,12600,qr
627,6,18:00,"Gatorade 500ml",bebidas,3,2200,6600,tarjeta
619,6,19:00,"Alfajor Havanna",golosinas,2,3500,7000,efectivo
620,6,19:00,"Alfajor Havanna",golosinas,1,3500,3500,efectivo
621,6,19:00,"Sprite 600ml",bebidas,3,1750,5250,transferencia
622,6,19:00,"Sprite 600ml",bebidas,3,1750,5250,efectivo
623,6,19:00,"Sprite 600ml",bebidas,1,1750,1750,tarjeta
624,6,19:00,"Sprite 600ml",bebidas,3,1750,5250,efectivo
625,6,19:00,"Pan Lactal",panaderia,1,3200,3200,transferencia
626,6,19:00,"Gatorade 500ml",bebidas,2,2200,4400,tarjeta
627,6,19:00,"Alfajor Havanna",golosinas,2,3500,7000,efectivo
628,6,19:00,"Chicles Beldent",golosinas,1,800,800,efectivo
629,6,19:00,"Coca Cola 600ml",bebidas,3,1800,5400,efectivo
630,6,19:00,"Cerveza Quilmes 473ml",bebidas,1,2500,2500,transferencia
631,6,19:00,"Coca Cola 600ml",bebidas,3,1800,5400,efectivo
632,6,19:00,"Agua Mineral 500ml",bebidas,2,1200,2400,transferencia
633,6,19:00,"Oreo Original",galletitas,3,2200,6600,qr
619,6,20:00,"Chicles Beldent",golosinas,2,800,1600,tarjeta
620,6,20:00,"Marlboro Box",cigarrillos,3,8500,25500,efectivo
621,6,20:00,"Coca Cola 600ml",bebidas,1,1800,1800,efectivo
622,6,20:00,"Cerveza Quilmes 473ml",bebidas,2,2500,5000,efectivo
623,6,20:00,"Agua Mineral 500ml",bebidas,2,1200,2400,qr
624,6,20:00,"Papas Fritas Lays",snacks,1,2800,2800,tarjeta
625,6,20:00,"Chicles Beldent",golosinas,1,800,800,transferencia
619,6,21:00,"Agua Mineral 500ml",bebidas,3,1200,3600,tarjeta
620,6,21:00,"Oreo Original",galletitas,1,2200,2200,transferencia
621,6,21:00,"Coca Cola 600ml",bebidas,1,1800,1800,qr
622,6,21:00,"Coca Cola 600ml",bebidas,3,1800,5400,qr
623,6,21:00,"Alfajor Havanna",golosinas,2,3500,7000,efectivo
624,6,21:00,"Coca Cola 600ml",bebidas,2,1800,3600,tarjeta
625,6,21:00,"Agua Mineral 500ml",bebidas,1,1200,1200,transferencia
626,6,21:00,"Oreo Original",galletitas,3,2200,6600,tarjeta
627,6,21:00,"Chocolate Milka",golosinas,2,4200,8400,tarjeta
619,6,22:00,"Agua Mineral 500ml",bebidas,1,1200,1200,tarjeta
620,6,22:00,"Cerveza Quilmes 473ml",bebidas,2,2500,5000,qr
621,6,22:00,"Cerveza Quilmes 473ml",bebidas,3,2500,7500,qr
622,6,22:00,"Sprite 600ml",bebidas,3,1750,5250,efectivo
623,6,22:00,"Chicles Beldent",golosinas,1,800,800,tarjeta
624,6,22:00,"Gatorade 500ml",bebidas,3,2200,6600,efectivo
625,6,22:00,"Papas Fritas Lays",snacks,1,2800,2800,efectivo
626,6,22:00,"Alfajor Havanna",golosinas,3,3500,10500,tarjeta
619,6,23:00,"Papas Fritas Lays",snacks,1,2800,2800,qr
620,6,23:00,"Chicles Beldent",golosinas,3,800,2400,tarjeta
621,6,23:00,"Marlboro Box",cigarrillos,1,8500,8500,efectivo
622,6,23:00,"Gatorade 500ml",bebidas,2,2200,4400,tarjeta
623,6,23:00,"Philip Morris",cigarrillos,1,7800,7800,efectivo
771,7,07:00,"Oreo Original",galletitas,1,2200,2200,efectivo
772,7,07:00,"Alfajor Havanna",golosinas,1,3500,3500,efectivo
773,7,07:00,"Alfajor Havanna",golosinas,3,3500,10500,transferencia
774,7,07:00,"Chicles Beldent",golosinas,1,800,800,efectivo
775,7,07:00,"Coca Cola 600ml",bebidas,2,1800,3600,efectivo
771,7,08:00,"Coca Cola 600ml",bebidas,2,1800,3600,tarjeta
772,7,08:00,"Marlboro Box",cigarrillos,1,8500,8500,tarjeta
773,7,08:00,"Alfajor Havanna",golosinas,3,3500,10500,efectivo
774,7,08:00,"Cerveza Quilmes 473ml",bebidas,3,2500,7500,qr
775,7,08:00,"Coca Cola 600ml",bebidas,2,1800,3600,efectivo
776,7,08:00,"Gatorade 500ml",bebidas,3,2200,6600,efectivo
777,7,08:00,"Pan Lactal",panaderia,3,3200,9600,tarjeta
778,7,08:00,"Marlboro Box",cigarrillos,3,8500,25500,transferencia
771,7,09:00,"Cerveza Quilmes 473ml",bebidas,3,2500,7500,tarjeta
772,7,09:00,"Chicles Beldent",golosinas,2,800,1600,qr
773,7,09:00,"Alfajor Havanna",golosinas,1,3500,3500,tarjeta
774,7,09:00,"Papas Fritas Lays",snacks,2,2800,5600,efectivo
775,7,09:00,"Pan Lactal",panaderia,3,3200,9600,qr
776,7,09:00,"Agua Mineral 500ml",bebidas,1,1200,1200,efectivo
777,7,09:00,"Agua Mineral 500ml",bebidas,2,1200,2400,efectivo
778,7,09:00,"Chicles Beldent",golosinas,2,800,1600,tarjeta
779,7,09:00,"Philip Morris",cigarrillos,1,7800,7800,efectivo
771,7,10:00,"Chicles Beldent",golosinas,1,800,800,tarjeta
772,7,10:00,"Sprite 600ml",bebidas,1,1750,1750,efectivo
773,7,10:00,"Sprite 600ml",bebidas,3,1750,5250,transferencia
774,7,10:00,"Agua Mineral 500ml",bebidas,3,1200,3600,efectivo
775,7,10:00,"Chocolate Milka",golosinas,1,4200,4200,transferencia
776,7,10:00,"Chicles Beldent",golosinas,1,800,800,tarjeta
777,7,10:00,"Sprite 600ml",bebidas,1,1750,1750,efectivo
778,7,10:00,"Coca Cola 600ml",bebidas,3,1800,5400,efectivo
779,7,10:00,"Chicles Beldent",golosinas,1,800,800,tarjeta
780,7,10:00,"Pan Lactal",panaderia,1,3200,3200,tarjeta
781,7,10:00,"Agua Mineral 500ml",bebidas,1,1200,1200,transferencia
771,7,11:00,"Coca Cola 600ml",bebidas,2,1800,3600,efectivo
772,7,11:00,"Coca Cola 600ml",bebidas,1,1800,1800,tarjeta
773,7,11:00,"Gatorade 500ml",bebidas,1,2200,2200,transferencia
774,7,11:00,"Coca Cola 600ml",bebidas,3,1800,5400,transferencia
775,7,11:00,"Papas Fritas Lays",snacks,1,2800,2800,tarjeta
776,7,11:00,"Chicles Beldent",golosinas,1,800,800,efectivo
777,7,11:00,"Coca Cola 600ml",bebidas,1,1800,1800,transferencia
778,7,11:00,"Sprite 600ml",bebidas,1,1750,1750,efectivo
779,7,11:00,"Coca Cola 600ml",bebidas,2,1800,3600,tarjeta
780,7,11:00,"Alfajor Havanna",golosinas,3,3500,10500,transferencia
781,7,11:00,"Cerveza Quilmes 473ml",bebidas,1,2500,2500,efectivo
771,7,12:00,"Marlboro Box",cigarrillos,3,8500,25500,efectivo
772,7,12:00,"Sprite 600ml",bebidas,2,1750,3500,efectivo
773,7,12:00,"Chicles Beldent",golosinas,3,800,2400,transferencia
774,7,12:00,"Marlboro Box",cigarrillos,3,8500,25500,efectivo
775,7,12:00,"Gatorade 500ml",bebidas,1,2200,2200,tarjeta
771,7,13:00,"Papas Fritas Lays",snacks,2,2800,5600,tarjeta
772,7,13:00,"Chocolate Milka",golosinas,2,4200,8400,transferencia
773,7,13:00,"Cerveza Quilmes 473ml",bebidas,2,2500,5000,efectivo
774,7,13:00,"Chicles Beldent",golosinas,2,800,1600,tarjeta
775,7,13:00,"Sprite 600ml",bebidas,2,1750,3500,tarjeta
776,7,13:00,"Cerveza Quilmes 473ml",bebidas,3,2500,7500,tarjeta
777,7,13:00,"Papas Fritas Lays",snacks,3,2800,8400,efectivo
778,7,13:00,"Chicles Beldent",golosinas,3,800,2400,efectivo
779,7,13:00,"Gatorade 500ml",bebidas,1,2200,2200,tarjeta
780,7,13:00,"Coca Cola 600ml",bebidas,3,1800,5400,tarjeta
781,7,13:00,"Alfajor Havanna",golosinas,2,3500,7000,efectivo
782,7,13:00,"Pan Lactal",panaderia,2,3200,6400,qr
771,7,14:00,"Chicles Beldent",golosinas,3,800,2400,tarjeta
772,7,14:00,"Lucky Strike",cigarrillos,3,7500,22500,efectivo
773,7,14:00,"Agua Mineral 500ml",bebidas,1,1200,1200,qr
774,7,14:00,"Alfajor Havanna",golosinas,2,3500,7000,efectivo
775,7,14:00,"Leche Larga Vida 1L",lacteos,1,2400,2400,transferencia
776,7,14:00,"Marlboro Box",cigarrillos,1,8500,8500,efectivo
771,7,15:00,"Agua Mineral 500ml",bebidas,1,1200,1200,tarjeta
772,7,15:00,"Papas Fritas Lays",snacks,3,2800,8400,tarjeta
773,7,15:00,"Alfajor Havanna",golosinas,2,3500,7000,tarjeta
774,7,15:00,"Alfajor Havanna",golosinas,2,3500,7000,tarjeta
775,7,15:00,"Oreo Original",galletitas,1,2200,2200,efectivo
776,7,15:00,"Alfajor Havanna",golosinas,3,3500,10500,transferencia
777,7,15:00,"Oreo Original",galletitas,3,2200,6600,efectivo
778,7,15:00,"Papas Fritas Lays",snacks,1,2800,2800,tarjeta
779,7,15:00,"Agua Mineral 500ml",bebidas,2,1200,2400,efectivo
780,7,15:00,"Papas Fritas Lays",snacks,2,2800,5600,efectivo
771,7,16:00,"Cerveza Quilmes 473ml",bebidas,1,2500,2500,transferencia
772,7,16:00,"Coca Cola 600ml",bebidas,1,1800,1800,tarjeta
773,7,16:00,"Sprite 600ml",bebidas,1,1750,1750,tarjeta
774,7,16:00,"Chicles Beldent",golosinas,1,800,800,efectivo
775,7,16:00,"Chicles Beldent",golosinas,1,800,800,qr
776,7,16:00,"Cerveza Quilmes 473ml",bebidas,1,2500,2500,tarjeta
777,7,16:00,"Gatorade 500ml",bebidas,2,2200,4400,efectivo
778,7,16:00,"Chicles Beldent",golosinas,3,800,2400,tarjeta
779,7,16:00,"Papas Fritas Lays",snacks,2,2800,5600,tarjeta
780,7,16:00,"Philip Morris",cigarrillos,1,7800,7800,efectivo
781,7,16:00,"Chicles Beldent",golosinas,1,800,800,tarjeta
782,7,16:00,"Cerveza Quilmes 473ml",bebidas,1,2500,2500,transferencia
783,7,16:00,"Sprite 600ml",bebidas,1,1750,1750,transferencia
784,7,16:00,"Coca Cola 600ml",bebidas,3,1800,5400,efectivo
771,7,17:00,"Sprite 600ml",bebidas,2,1750,3500,tarjeta
772,7,17:00,"Papas Fritas Lays",snacks,1,2800,2800,efectivo
773,7,17:00,"Alfajor Havanna",golosinas,3,3500,10500,tarjeta
774,7,17:00,"Philip Morris",cigarrillos,2,7800,15600,efectivo
775,7,17:00,"Chicles Beldent",golosinas,1,800,800,efectivo
776,7,17:00,"Coca Cola 600ml",bebidas,1,1800,1800,transferencia
777,7,17:00,"Papas Fritas Lays",snacks,3,2800,8400,efectivo
771,7,18:00,"Papas Fritas Lays",snacks,3,2800,8400,efectivo
772,7,18:00,"Chocolate Milka",golosinas,3,4200,12600,transferencia
773,7,18:00,"Papas Fritas Lays",snacks,2,2800,5600,efectivo
774,7,18:00,"Cerveza Quilmes 473ml",bebidas,1,2500,2500,tarjeta
775,7,18:00,"Chicles Beldent",golosinas,2,800,1600,efectivo
776,7,18:00,"Papas Fritas Lays",snacks,2,2800,5600,tarjeta
777,7,18:00,"Pan Lactal",panaderia,2,3200,6400,tarjeta
778,7,18:00,"Coca Cola 600ml",bebidas,2,1800,3600,efectivo
779,7,18:00,"Coca Cola 600ml",bebidas,2,1800,3600,tarjeta
780,7,18:00,"Agua Mineral 500ml",bebidas,1,1200,1200,efectivo
781,7,18:00,"Philip Morris",cigarrillos,3,7800,23400,efectivo
771,7,19:00,"Oreo Original",galletitas,3,2200,6600,qr
772,7,19:00,"Agua Mineral 500ml",bebidas,1,1200,1200,efectivo
773,7,19:00,"Yerba Mate 500g",almacen,2,3800,7600,transferencia
774,7,19:00,"Alfajor Havanna",golosinas,2,3500,7000,transferencia
775,7,19:00,"Cerveza Quilmes 473ml",bebidas,3,2500,7500,efectivo
776,7,19:00,"Agua Mineral 500ml",bebidas,3,1200,3600,efectivo
777,7,19:00,"Oreo Original",galletitas,3,2200,6600,efectivo
778,7,19:00,"Agua Mineral 500ml",bebidas,3,1200,3600,efectivo
779,7,19:00,"Chicles Beldent",golosinas,3,800,2400,tarjeta
780,7,19:00,"Yerba Mate 500g",almacen,3,3800,11400,tarjeta
771,7,20:00,"Coca Cola 600ml",bebidas,1,1800,1800,efectivo
772,7,20:00,"Philip Morris",cigarrillos,2,7800,15600,tarjeta
773,7,20:00,"Coca Cola 600ml",bebidas,1,1800,1800,tarjeta
774,7,20:00,"Coca Cola 600ml",bebidas,2,1800,3600,efectivo
775,7,20:00,"Lucky Strike",cigarrillos,3,7500,22500,tarjeta
771,7,21:00,"Papas Fritas Lays",snacks,1,2800,2800,qr
772,7,21:00,"Papas Fritas Lays",snacks,3,2800,8400,efectivo
773,7,21:00,"Cerveza Quilmes 473ml",bebidas,1,2500,2500,transferencia
774,7,21:00,"Chocolate Milka",golosinas,1,4200,4200,efectivo
775,7,21:00,"Coca Cola 600ml",bebidas,3,1800,5400,qr
776,7,21:00,"Marlboro Box",cigarrillos,1,8500,8500,tarjeta
771,7,22:00,"Agua Mineral 500ml",bebidas,1,1200,1200,tarjeta
772,7,22:00,"Agua Mineral 500ml",bebidas,1,1200,1200,qr
773,7,22:00,"Alfajor Havanna",golosinas,3,3500,10500,efectivo
774,7,22:00,"Marlboro Box",cigarrillos,3,8500,25500,efectivo
771,7,23:00,"Chocolate Milka",golosinas,3,4200,12600,tarjeta
772,7,23:00,"Chocolate Milka",golosinas,1,4200,4200,qr
773,7,23:00,"Marlboro Box",cigarrillos,2,8500,17000,qr
